rank,url,type,date
1,www.infotrack.co.uk/solutions/conveyancing/land-registry-searches/,Organic,2025-08-17
2,land.tech/products/landinsight,Organic,2025-08-17
3,eservices.landregistry.gov.uk,Organic,2025-08-17
4,www.search-acumen.co.uk/platform/commercial-project-management/searches/land-registry-searches/,Organic,2025-08-17
5,www.gov.uk/search-property-information-land-registry,Organic,2025-08-17
6,onlinelandregistry.org.uk,Advert,2025-08-17
7,use-land-property-data.service.gov.uk,Organic,2025-08-17
8,landregistry.uk,Advert,2025-08-17
9,www.gov.uk/government/publications/official-searches-of-the-index-map/practice-guide-10-official-search-of-the-index-map,Organic,2025-08-17
10,hmlandregistry.blog.gov.uk/2023/06/14/streamlining-official-searches-for-software-connected-to-hm-land-registry/,Organic,2025-08-17
1,www.infotrack.co.uk/solutions/conveyancing/land-registry-searches/,Organic,2025-08-18
2,hmlandregistry.blog.gov.uk/2023/06/14/streamlining-official-searches-for-software-connected-to-hm-land-registry/,Organic,2025-08-18
3,land.tech/products/landinsight,Organic,2025-08-18
4,eservices.landregistry.gov.uk,Organic,2025-08-18
5,use-land-property-data.service.gov.uk,Organic,2025-08-18
6,www.gov.uk/search-property-information-land-registry,Organic,2025-08-18
7,onlinelandregistry.org.uk,Advert,2025-08-18
8,landregistry.uk,Advert,2025-08-18
9,www.gov.uk/government/publications/official-searches-of-the-index-map/practice-guide-10-official-search-of-the-index-map,Organic,2025-08-18
10,www.search-acumen.co.uk/platform/commercial-project-management/searches/land-registry-searches/,Organic,2025-08-18
1,onlinelandregistry.org.uk,Advert,2025-08-19
2,land.tech/products/landinsight,Organic,2025-08-19
3,hmlandregistry.blog.gov.uk/2023/06/14/streamlining-official-searches-for-software-connected-to-hm-land-registry/,Organic,2025-08-19
4,www.search-acumen.co.uk/platform/commercial-project-management/searches/land-registry-searches/,Organic,2025-08-19
4,www.infotrack.co.uk/solutions/conveyancing/land-registry-searches/,Organic,2025-08-19
5,eservices.landregistry.gov.uk,Organic,2025-08-19
7,use-land-property-data.service.gov.uk,Organic,2025-08-19
8,www.gov.uk/government/publications/official-searches-of-the-index-map/practice-guide-10-official-search-of-the-index-map,Organic,2025-08-19
9,landregistry.uk,Advert,2025-08-19
10,www.gov.uk/search-property-information-land-registry,Organic,2025-08-19
1,www.gov.uk/search-property-information-land-registry,Organic,2025-08-20
2,eservices.landregistry.gov.uk,Organic,2025-08-20
3,land.tech/products/landinsight,Organic,2025-08-20
4,www.search-acumen.co.uk/platform/commercial-project-management/searches/land-registry-searches/,Organic,2025-08-20
5,www.gov.uk/government/publications/official-searches-of-the-index-map/practice-guide-10-official-search-of-the-index-map,Organic,2025-08-20
5,www.infotrack.co.uk/solutions/conveyancing/land-registry-searches/,Organic,2025-08-20
6,onlinelandregistry.org.uk,Advert,2025-08-20
8,use-land-property-data.service.gov.uk,Organic,2025-08-20
9,hmlandregistry.blog.gov.uk/2023/06/14/streamlining-official-searches-for-software-connected-to-hm-land-registry/,Organic,2025-08-20
10,landregistry.uk,Advert,2025-08-20
1,land.tech/products/landinsight,Organic,2025-08-21
1,www.infotrack.co.uk/solutions/conveyancing/land-registry-searches/,Organic,2025-08-21
2,www.gov.uk/search-property-information-land-registry,Organic,2025-08-21
4,hmlandregistry.blog.gov.uk/2023/06/14/streamlining-official-searches-for-software-connected-to-hm-land-registry/,Organic,2025-08-21
5,www.search-acumen.co.uk/platform/commercial-project-management/searches/land-registry-searches/,Organic,2025-08-21
6,landregistry.uk,Advert,2025-08-21
7,onlinelandregistry.org.uk,Advert,2025-08-21
8,www.gov.uk/government/publications/official-searches-of-the-index-map/practice-guide-10-official-search-of-the-index-map,Organic,2025-08-21
9,use-land-property-data.service.gov.uk,Organic,2025-08-21
10,eservices.landregistry.gov.uk,Organic,2025-08-21
1,www.gov.uk/search-property-information-land-registry,Organic,2025-08-22
1,www.infotrack.co.uk/solutions/conveyancing/land-registry-searches/,Organic,2025-08-22
2,hmlandregistry.blog.gov.uk/2023/06/14/streamlining-official-searches-for-software-connected-to-hm-land-registry/,Organic,2025-08-22
4,www.gov.uk/government/publications/official-searches-of-the-index-map/practice-guide-10-official-search-of-the-index-map,Organic,2025-08-22
5,eservices.landregistry.gov.uk,Organic,2025-08-22
6,use-land-property-data.service.gov.uk,Organic,2025-08-22
7,www.search-acumen.co.uk/platform/commercial-project-management/searches/land-registry-searches/,Organic,2025-08-22
8,landregistry.uk,Advert,2025-08-22
9,land.tech/products/landinsight,Organic,2025-08-22
10,onlinelandregistry.org.uk,Advert,2025-08-22
1,onlinelandregistry.org.uk,Advert,2025-08-23
2,eservices.landregistry.gov.uk,Organic,2025-08-23
3,use-land-property-data.service.gov.uk,Organic,2025-08-23
4,www.search-acumen.co.uk/platform/commercial-project-management/searches/land-registry-searches/,Organic,2025-08-23
5,land.tech/products/landinsight,Organic,2025-08-23
6,landregistry.uk,Advert,2025-08-23
6,www.infotrack.co.uk/solutions/conveyancing/land-registry-searches/,Organic,2025-08-23
7,www.gov.uk/search-property-information-land-registry,Organic,2025-08-23
8,hmlandregistry.blog.gov.uk/2023/06/14/streamlining-official-searches-for-software-connected-to-hm-land-registry/,Organic,2025-08-23
9,www.gov.uk/government/publications/official-searches-of-the-index-map/practice-guide-10-official-search-of-the-index-map,Organic,2025-08-23
1,onlinelandregistry.org.uk,Advert,2025-08-24
2,land.tech/products/landinsight,Organic,2025-08-24
2,www.infotrack.co.uk/solutions/conveyancing/land-registry-searches/,Organic,2025-08-24
3,use-land-property-data.service.gov.uk,Organic,2025-08-24
4,eservices.landregistry.gov.uk,Organic,2025-08-24
5,www.search-acumen.co.uk/platform/commercial-project-management/searches/land-registry-searches/,Organic,2025-08-24
7,www.gov.uk/government/publications/official-searches-of-the-index-map/practice-guide-10-official-search-of-the-index-map,Organic,2025-08-24
8,www.gov.uk/search-property-information-land-registry,Organic,2025-08-24
9,landregistry.uk,Advert,2025-08-24
10,hmlandregistry.blog.gov.uk/2023/06/14/streamlining-official-searches-for-software-connected-to-hm-land-registry/,Organic,2025-08-24
1,land.tech/products/landinsight,Organic,2025-08-25
2,hmlandregistry.blog.gov.uk/2023/06/14/streamlining-official-searches-for-software-connected-to-hm-land-registry/,Organic,2025-08-25
3,www.gov.uk/government/publications/official-searches-of-the-index-map/practice-guide-10-official-search-of-the-index-map,Organic,2025-08-25
4,landregistry.uk,Advert,2025-08-25
4,www.infotrack.co.uk/solutions/conveyancing/land-registry-searches/,Organic,2025-08-25
5,www.gov.uk/search-property-information-land-registry,Organic,2025-08-25
6,onlinelandregistry.org.uk,Advert,2025-08-25
7,www.search-acumen.co.uk/platform/commercial-project-management/searches/land-registry-searches/,Organic,2025-08-25
8,use-land-property-data.service.gov.uk,Organic,2025-08-25
10,eservices.landregistry.gov.uk,Organic,2025-08-25
1,eservices.landregistry.gov.uk,Organic,2025-08-26
2,www.search-acumen.co.uk/platform/commercial-project-management/searches/land-registry-searches/,Organic,2025-08-26
3,hmlandregistry.blog.gov.uk/2023/06/14/streamlining-official-searches-for-software-connected-to-hm-land-registry/,Organic,2025-08-26
4,www.gov.uk/government/publications/official-searches-of-the-index-map/practice-guide-10-official-search-of-the-index-map,Organic,2025-08-26
4,www.infotrack.co.uk/solutions/conveyancing/land-registry-searches/,Organic,2025-08-26
5,use-land-property-data.service.gov.uk,Organic,2025-08-26
6,landregistry.uk,Advert,2025-08-26
7,www.gov.uk/search-property-information-land-registry,Organic,2025-08-26
8,onlinelandregistry.org.uk,Advert,2025-08-26
10,land.tech/products/landinsight,Organic,2025-08-26
1,hmlandregistry.blog.gov.uk/2023/06/14/streamlining-official-searches-for-software-connected-to-hm-land-registry/,Organic,2025-08-27
1,www.infotrack.co.uk/solutions/conveyancing/land-registry-searches/,Organic,2025-08-27
2,eservices.landregistry.gov.uk,Organic,2025-08-27
4,landregistry.uk,Advert,2025-08-27
5,use-land-property-data.service.gov.uk,Organic,2025-08-27
6,www.gov.uk/search-property-information-land-registry,Organic,2025-08-27
7,www.search-acumen.co.uk/platform/commercial-project-management/searches/land-registry-searches/,Organic,2025-08-27
8,onlinelandregistry.org.uk,Advert,2025-08-27
9,www.gov.uk/government/publications/official-searches-of-the-index-map/practice-guide-10-official-search-of-the-index-map,Organic,2025-08-27
10,land.tech/products/landinsight,Organic,2025-08-27
1,onlinelandregistry.org.uk,Advert,2025-08-28
2,landregistry.uk,Advert,2025-08-28
3,www.gov.uk/search-property-information-land-registry,Organic,2025-08-28
4,eservices.landregistry.gov.uk,Organic,2025-08-28
4,www.infotrack.co.uk/solutions/conveyancing/land-registry-searches/,Organic,2025-08-28
5,www.search-acumen.co.uk/platform/commercial-project-management/searches/land-registry-searches/,Organic,2025-08-28
6,hmlandregistry.blog.gov.uk/2023/06/14/streamlining-official-searches-for-software-connected-to-hm-land-registry/,Organic,2025-08-28
7,use-land-property-data.service.gov.uk,Organic,2025-08-28
8,land.tech/products/landinsight,Organic,2025-08-28
9,www.gov.uk/government/publications/official-searches-of-the-index-map/practice-guide-10-official-search-of-the-index-map,Organic,2025-08-28
1,www.gov.uk/search-property-information-land-registry,Organic,2025-08-29
1,www.infotrack.co.uk/solutions/conveyancing/land-registry-searches/,Organic,2025-08-29
2,landregistry.uk,Advert,2025-08-29
3,www.gov.uk/government/publications/official-searches-of-the-index-map/practice-guide-10-official-search-of-the-index-map,Organic,2025-08-29
4,eservices.landregistry.gov.uk,Organic,2025-08-29
6,onlinelandregistry.org.uk,Advert,2025-08-29
7,www.search-acumen.co.uk/platform/commercial-project-management/searches/land-registry-searches/,Organic,2025-08-29
8,use-land-property-data.service.gov.uk,Organic,2025-08-29
9,hmlandregistry.blog.gov.uk/2023/06/14/streamlining-official-searches-for-software-connected-to-hm-land-registry/,Organic,2025-08-29
10,land.tech/products/landinsight,Organic,2025-08-29
1,www.infotrack.co.uk/solutions/conveyancing/land-registry-searches/,Organic,2025-08-30
2,www.gov.uk/government/publications/official-searches-of-the-index-map/practice-guide-10-official-search-of-the-index-map,Organic,2025-08-30
3,hmlandregistry.blog.gov.uk/2023/06/14/streamlining-official-searches-for-software-connected-to-hm-land-registry/,Organic,2025-08-30
4,land.tech/products/landinsight,Organic,2025-08-30
5,eservices.landregistry.gov.uk,Organic,2025-08-30
6,www.gov.uk/search-property-information-land-registry,Organic,2025-08-30
7,landregistry.uk,Advert,2025-08-30
8,www.search-acumen.co.uk/platform/commercial-project-management/searches/land-registry-searches/,Organic,2025-08-30
9,use-land-property-data.service.gov.uk,Organic,2025-08-30
10,onlinelandregistry.org.uk,Advert,2025-08-30
1,www.gov.uk/government/publications/official-searches-of-the-index-map/practice-guide-10-official-search-of-the-index-map,Organic,2025-08-31
1,www.infotrack.co.uk/solutions/conveyancing/land-registry-searches/,Organic,2025-08-31
2,eservices.landregistry.gov.uk,Organic,2025-08-31
3,onlinelandregistry.org.uk,Advert,2025-08-31
4,hmlandregistry.blog.gov.uk/2023/06/14/streamlining-official-searches-for-software-connected-to-hm-land-registry/,Organic,2025-08-31
5,www.gov.uk/search-property-information-land-registry,Organic,2025-08-31
7,landregistry.uk,Advert,2025-08-31
8,www.search-acumen.co.uk/platform/commercial-project-management/searches/land-registry-searches/,Organic,2025-08-31
9,land.tech/products/landinsight,Organic,2025-08-31
10,use-land-property-data.service.gov.uk,Organic,2025-08-31
1,www.search-acumen.co.uk/platform/commercial-project-management/searches/land-registry-searches/,Organic,2025-09-01
2,www.gov.uk/government/publications/official-searches-of-the-index-map/practice-guide-10-official-search-of-the-index-map,Organic,2025-09-01
2,www.infotrack.co.uk/solutions/conveyancing/land-registry-searches/,Organic,2025-09-01
3,hmlandregistry.blog.gov.uk/2023/06/14/streamlining-official-searches-for-software-connected-to-hm-land-registry/,Organic,2025-09-01
4,www.gov.uk/search-property-information-land-registry,Organic,2025-09-01
5,land.tech/products/landinsight,Organic,2025-09-01
6,eservices.landregistry.gov.uk,Organic,2025-09-01
7,use-land-property-data.service.gov.uk,Organic,2025-09-01
8,landregistry.uk,Advert,2025-09-01
9,onlinelandregistry.org.uk,Advert,2025-09-01
1,www.infotrack.co.uk/solutions/conveyancing/land-registry-searches/,Organic,2025-09-02
2,www.gov.uk/search-property-information-land-registry,Organic,2025-09-02
3,onlinelandregistry.org.uk,Advert,2025-09-02
4,landregistry.uk,Advert,2025-09-02
5,www.gov.uk/government/publications/official-searches-of-the-index-map/practice-guide-10-official-search-of-the-index-map,Organic,2025-09-02
6,eservices.landregistry.gov.uk,Organic,2025-09-02
7,land.tech/products/landinsight,Organic,2025-09-02
8,use-land-property-data.service.gov.uk,Organic,2025-09-02
9,www.search-acumen.co.uk/platform/commercial-project-management/searches/land-registry-searches/,Organic,2025-09-02
10,hmlandregistry.blog.gov.uk/2023/06/14/streamlining-official-searches-for-software-connected-to-hm-land-registry/,Organic,2025-09-02
1,hmlandregistry.blog.gov.uk/2023/06/14/streamlining-official-searches-for-software-connected-to-hm-land-registry/,Organic,2025-09-03
1,www.infotrack.co.uk/solutions/conveyancing/land-registry-searches/,Organic,2025-09-03
2,land.tech/products/landinsight,Organic,2025-09-03
3,use-land-property-data.service.gov.uk,Organic,2025-09-03
4,www.gov.uk/search-property-information-land-registry,Organic,2025-09-03
6,www.gov.uk/government/publications/official-searches-of-the-index-map/practice-guide-10-official-search-of-the-index-map,Organic,2025-09-03
7,landregistry.uk,Advert,2025-09-03
8,www.search-acumen.co.uk/platform/commercial-project-management/searches/land-registry-searches/,Organic,2025-09-03
9,eservices.landregistry.gov.uk,Organic,2025-09-03
10,onlinelandregistry.org.uk,Advert,2025-09-03
1,www.gov.uk/government/publications/official-searches-of-the-index-map/practice-guide-10-official-search-of-the-index-map,Organic,2025-09-04
1,www.infotrack.co.uk/solutions/conveyancing/land-registry-searches/,Organic,2025-09-04
2,www.gov.uk/search-property-information-land-registry,Organic,2025-09-04
3,landregistry.uk,Advert,2025-09-04
5,www.search-acumen.co.uk/platform/commercial-project-management/searches/land-registry-searches/,Organic,2025-09-04
6,use-land-property-data.service.gov.uk,Organic,2025-09-04
7,land.tech/products/landinsight,Organic,2025-09-04
8,onlinelandregistry.org.uk,Advert,2025-09-04
9,eservices.landregistry.gov.uk,Organic,2025-09-04
10,hmlandregistry.blog.gov.uk/2023/06/14/streamlining-official-searches-for-software-connected-to-hm-land-registry/,Organic,2025-09-04
1,www.gov.uk/search-property-information-land-registry,Organic,2025-09-05
1,www.infotrack.co.uk/solutions/conveyancing/land-registry-searches/,Organic,2025-09-05
2,hmlandregistry.blog.gov.uk/2023/06/14/streamlining-official-searches-for-software-connected-to-hm-land-registry/,Organic,2025-09-05
3,eservices.landregistry.gov.uk,Organic,2025-09-05
4,www.search-acumen.co.uk/platform/commercial-project-management/searches/land-registry-searches/,Organic,2025-09-05
6,land.tech/products/landinsight,Organic,2025-09-05
7,landregistry.uk,Advert,2025-09-05
8,www.gov.uk/government/publications/official-searches-of-the-index-map/practice-guide-10-official-search-of-the-index-map,Organic,2025-09-05
9,use-land-property-data.service.gov.uk,Organic,2025-09-05
10,onlinelandregistry.org.uk,Advert,2025-09-05
1,eservices.landregistry.gov.uk,Organic,2025-09-06
1,www.infotrack.co.uk/solutions/conveyancing/land-registry-searches/,Organic,2025-09-06
2,www.gov.uk/government/publications/official-searches-of-the-index-map/practice-guide-10-official-search-of-the-index-map,Organic,2025-09-06
3,hmlandregistry.blog.gov.uk/2023/06/14/streamlining-official-searches-for-software-connected-to-hm-land-registry/,Organic,2025-09-06
5,land.tech/products/landinsight,Organic,2025-09-06
6,onlinelandregistry.org.uk,Advert,2025-09-06
7,use-land-property-data.service.gov.uk,Organic,2025-09-06
8,landregistry.uk,Advert,2025-09-06
9,www.search-acumen.co.uk/platform/commercial-project-management/searches/land-registry-searches/,Organic,2025-09-06
10,www.gov.uk/search-property-information-land-registry,Organic,2025-09-06
1,www.search-acumen.co.uk/platform/commercial-project-management/searches/land-registry-searches/,Organic,2025-09-07
1,www.infotrack.co.uk/solutions/conveyancing/land-registry-searches/,Organic,2025-09-07
2,www.gov.uk/government/publications/official-searches-of-the-index-map/practice-guide-10-official-search-of-the-index-map,Organic,2025-09-07
3,www.gov.uk/search-property-information-land-registry,Organic,2025-09-07
5,land.tech/products/landinsight,Organic,2025-09-07
6,use-land-property-data.service.gov.uk,Organic,2025-09-07
7,hmlandregistry.blog.gov.uk/2023/06/14/streamlining-official-searches-for-software-connected-to-hm-land-registry/,Organic,2025-09-07
8,landregistry.uk,Advert,2025-09-07
9,onlinelandregistry.org.uk,Advert,2025-09-07
10,eservices.landregistry.gov.uk,Organic,2025-09-07
1,www.gov.uk/search-property-information-land-registry,Organic,2025-09-08
1,www.infotrack.co.uk/solutions/conveyancing/land-registry-searches/,Organic,2025-09-08
2,land.tech/products/landinsight,Organic,2025-09-08
4,use-land-property-data.service.gov.uk,Organic,2025-09-08
5,eservices.landregistry.gov.uk,Organic,2025-09-08
6,hmlandregistry.blog.gov.uk/2023/06/14/streamlining-official-searches-for-software-connected-to-hm-land-registry/,Organic,2025-09-08
7,landregistry.uk,Advert,2025-09-08
8,onlinelandregistry.org.uk,Advert,2025-09-08
9,www.gov.uk/government/publications/official-searches-of-the-index-map/practice-guide-10-official-search-of-the-index-map,Organic,2025-09-08
10,www.search-acumen.co.uk/platform/commercial-project-management/searches/land-registry-searches/,Organic,2025-09-08
1,use-land-property-data.service.gov.uk,Organic,2025-09-09
1,www.infotrack.co.uk/solutions/conveyancing/land-registry-searches/,Organic,2025-09-09
2,land.tech/products/landinsight,Organic,2025-09-09
3,hmlandregistry.blog.gov.uk/2023/06/14/streamlining-official-searches-for-software-connected-to-hm-land-registry/,Organic,2025-09-09
4,www.search-acumen.co.uk/platform/commercial-project-management/searches/land-registry-searches/,Organic,2025-09-09
5,eservices.landregistry.gov.uk,Organic,2025-09-09
6,onlinelandregistry.org.uk,Advert,2025-09-09
7,landregistry.uk,Advert,2025-09-09
9,www.gov.uk/search-property-information-land-registry,Organic,2025-09-09
10,www.gov.uk/government/publications/official-searches-of-the-index-map/practice-guide-10-official-search-of-the-index-map,Organic,2025-09-09
1,land.tech/products/landinsight,Organic,2025-09-10
1,www.infotrack.co.uk/solutions/conveyancing/land-registry-searches/,Organic,2025-09-10
2,onlinelandregistry.org.uk,Advert,2025-09-10
3,use-land-property-data.service.gov.uk,Organic,2025-09-10
4,www.search-acumen.co.uk/platform/commercial-project-management/searches/land-registry-searches/,Organic,2025-09-10
5,www.gov.uk/government/publications/official-searches-of-the-index-map/practice-guide-10-official-search-of-the-index-map,Organic,2025-09-10
6,landregistry.uk,Advert,2025-09-10
8,www.gov.uk/search-property-information-land-registry,Organic,2025-09-10
9,eservices.landregistry.gov.uk,Organic,2025-09-10
10,hmlandregistry.blog.gov.uk/2023/06/14/streamlining-official-searches-for-software-connected-to-hm-land-registry/,Organic,2025-09-10
1,www.gov.uk/search-property-information-land-registry,Organic,2025-09-11
1,www.infotrack.co.uk/solutions/conveyancing/land-registry-searches/,Organic,2025-09-11
3,land.tech/products/landinsight,Organic,2025-09-11
4,onlinelandregistry.org.uk,Advert,2025-09-11
5,use-land-property-data.service.gov.uk,Organic,2025-09-11
6,landregistry.uk,Advert,2025-09-11
7,eservices.landregistry.gov.uk,Organic,2025-09-11
8,hmlandregistry.blog.gov.uk/2023/06/14/streamlining-official-searches-for-software-connected-to-hm-land-registry/,Organic,2025-09-11
9,www.gov.uk/government/publications/official-searches-of-the-index-map/practice-guide-10-official-search-of-the-index-map,Organic,2025-09-11
10,www.search-acumen.co.uk/platform/commercial-project-management/searches/land-registry-searches/,Organic,2025-09-11
1,www.gov.uk/government/publications/official-searches-of-the-index-map/practice-guide-10-official-search-of-the-index-map,Organic,2025-09-12
1,www.infotrack.co.uk/solutions/conveyancing/land-registry-searches/,Organic,2025-09-12
2,use-land-property-data.service.gov.uk,Organic,2025-09-12
3,eservices.landregistry.gov.uk,Organic,2025-09-12
4,www.search-acumen.co.uk/platform/commercial-project-management/searches/land-registry-searches/,Organic,2025-09-12
6,land.tech/products/landinsight,Organic,2025-09-12
7,www.gov.uk/search-property-information-land-registry,Organic,2025-09-12
8,onlinelandregistry.org.uk,Advert,2025-09-12
9,hmlandregistry.blog.gov.uk/2023/06/14/streamlining-official-searches-for-software-connected-to-hm-land-registry/,Organic,2025-09-12
10,landregistry.uk,Advert,2025-09-12
1,hmlandregistry.blog.gov.uk/2023/06/14/streamlining-official-searches-for-software-connected-to-hm-land-registry/,Organic,2025-09-13
1,www.infotrack.co.uk/solutions/conveyancing/land-registry-searches/,Organic,2025-09-13
2,use-land-property-data.service.gov.uk,Organic,2025-09-13
3,landregistry.uk,Advert,2025-09-13
5,www.gov.uk/government/publications/official-searches-of-the-index-map/practice-guide-10-official-search-of-the-index-map,Organic,2025-09-13
6,www.gov.uk/search-property-information-land-registry,Organic,2025-09-13
7,land.tech/products/landinsight,Organic,2025-09-13
8,onlinelandregistry.org.uk,Advert,2025-09-13
9,eservices.landregistry.gov.uk,Organic,2025-09-13
10,www.search-acumen.co.uk/platform/commercial-project-management/searches/land-registry-searches/,Organic,2025-09-13
